promotion_id,promotion_type,start_date,end_date,status
PM00001,Free Gift,12/30/2023,1/4/2024,not
PM00002,Free Gift,4/13/2023,4/24/2023,not
PM00003,Free Gift,10/9/2023,10/25/2023,not
PM00004,Buy One Get One,10/19/2023,10/31/2023,active
PM00005,Free Gift,2/25/2023,3/26/2023,not
PM00006,Buy One Get One,11/9/2023,11/20/2023,not
PM00007,Buy One Get One,1/3/2023,1/27/2023,active
PM00008,Buy One Get One,8/5/2023,8/13/2023,not
PM00009,Free Gift,1/11/2023,1/12/2023,active
PM00010,Discount,2/20/2023,3/15/2023,active
PM00011,Buy One Get One,9/29/2023,10/2/2023,active
PM00012,Buy One Get One,1/11/2023,1/25/2023,active
PM00013,Discount,8/18/2023,9/17/2023,active
PM00014,Buy One Get One,12/18/2023,12/28/2023,not
PM00015,Free Gift,8/11/2023,9/8/2023,not
PM00016,Discount,4/11/2023,5/1/2023,not
PM00017,Free Gift,5/25/2023,6/17/2023,not
PM00018,Free Gift,5/13/2023,5/28/2023,active
PM00019,Discount,4/25/2023,5/2/2023,not
PM00020,Discount,12/1/2023,12/30/2023,not
PM00021,Discount,8/31/2023,9/23/2023,not
PM00022,Discount,4/6/2023,4/28/2023,not
PM00023,Free Gift,11/14/2023,12/9/2023,not
PM00024,Buy One Get One,4/1/2023,4/17/2023,active
PM00025,Free Gift,3/30/2023,4/11/2023,not
PM00026,Buy One Get One,5/23/2023,6/12/2023,active
PM00027,Discount,5/3/2023,5/12/2023,active
PM00028,Buy One Get One,10/18/2023,11/15/2023,not
PM00029,Free Gift,1/30/2023,2/2/2023,not
PM00030,Buy One Get One,6/11/2023,6/30/2023,not
PM00031,Discount,3/10/2023,3/23/2023,not
PM00032,Free Gift,5/10/2023,6/8/2023,not
PM00033,Free Gift,7/27/2023,8/4/2023,not
PM00034,Discount,1/23/2023,2/17/2023,not
PM00035,Free Gift,8/4/2023,9/1/2023,not
PM00036,Buy One Get One,10/4/2023,10/21/2023,active
PM00037,Discount,10/2/2023,10/29/2023,active
PM00038,Free Gift,7/30/2023,8/3/2023,active
PM00039,Discount,7/30/2023,8/9/2023,active
PM00040,Discount,7/16/2023,8/2/2023,not
PM00041,Buy One Get One,6/22/2023,7/2/2023,not
PM00042,Free Gift,7/27/2023,8/1/2023,not
PM00043,Free Gift,12/26/2023,1/6/2024,active
PM00044,Discount,2/1/2023,2/10/2023,active
PM00045,Free Gift,2/17/2023,3/1/2023,not
PM00046,Discount,9/28/2023,10/3/2023,active
PM00047,Free Gift,6/3/2023,6/27/2023,active
PM00048,Buy One Get One,2/4/2023,3/6/2023,not
PM00049,Discount,2/24/2023,2/28/2023,not
PM00050,Buy One Get One,6/1/2023,6/29/2023,active
PM00051,Discount,1/17/2023,1/19/2023,not
PM00052,Discount,11/23/2023,11/24/2023,active
PM00053,Free Gift,11/29/2023,12/18/2023,active
PM00054,Discount,7/5/2023,7/21/2023,not
PM00055,Buy One Get One,9/26/2023,10/7/2023,active
PM00056,Discount,11/20/2023,11/27/2023,active
PM00057,Discount,5/7/2023,6/5/2023,not
PM00058,Free Gift,1/25/2023,2/21/2023,not
PM00059,Discount,1/29/2023,2/22/2023,not
PM00060,Buy One Get One,6/30/2023,7/5/2023,active
PM00061,Discount,1/16/2023,1/18/2023,active
PM00062,Free Gift,6/18/2023,6/27/2023,active
PM00063,Discount,8/28/2023,9/23/2023,active
PM00064,Free Gift,1/9/2023,1/30/2023,active
PM00065,Buy One Get One,10/20/2023,11/17/2023,not
PM00066,Free Gift,11/6/2023,11/21/2023,not
PM00067,Buy One Get One,8/2/2023,8/8/2023,active
PM00068,Buy One Get One,8/26/2023,9/21/2023,active
PM00069,Free Gift,8/24/2023,9/21/2023,not
PM00070,Buy One Get One,1/24/2023,1/30/2023,not
PM00071,Buy One Get One,9/27/2023,10/20/2023,not
PM00072,Free Gift,6/7/2023,7/4/2023,active
PM00073,Free Gift,4/19/2023,4/23/2023,active
PM00074,Discount,7/9/2023,7/31/2023,active
PM00075,Buy One Get One,4/26/2023,5/11/2023,active
PM00076,Buy One Get One,10/23/2023,10/29/2023,active
PM00077,Discount,8/11/2023,9/7/2023,not
PM00078,Buy One Get One,6/16/2023,7/11/2023,active
PM00079,Discount,8/17/2023,8/20/2023,active
PM00080,Discount,3/13/2023,4/3/2023,active
PM00081,Buy One Get One,8/27/2023,9/25/2023,not
PM00082,Free Gift,9/27/2023,10/7/2023,not
PM00083,Free Gift,11/17/2023,11/22/2023,not
PM00084,Discount,5/31/2023,6/25/2023,active
PM00085,Buy One Get One,1/26/2023,2/1/2023,active
PM00086,Discount,2/15/2023,3/15/2023,not
PM00087,Buy One Get One,1/23/2023,1/24/2023,not
PM00088,Discount,8/11/2023,8/14/2023,not
PM00089,Free Gift,7/10/2023,7/18/2023,active
PM00090,Free Gift,12/3/2023,12/5/2023,not
PM00091,Buy One Get One,9/13/2023,9/27/2023,active
PM00092,Free Gift,2/8/2023,2/27/2023,active
PM00093,Discount,11/23/2023,12/19/2023,not
PM00094,Buy One Get One,2/14/2023,2/15/2023,active
PM00095,Buy One Get One,10/30/2023,11/22/2023,active
PM00096,Free Gift,11/28/2023,12/1/2023,active
PM00097,Buy One Get One,4/6/2023,4/11/2023,not
PM00098,Discount,6/23/2023,7/17/2023,not
PM00099,Free Gift,11/12/2023,12/11/2023,not
PM00100,Free Gift,3/24/2023,4/20/2023,not
PM00101,Free Gift,12/11/2023,12/24/2023,active
PM00102,Buy One Get One,5/17/2023,5/26/2023,active
PM00103,Buy One Get One,4/19/2023,5/6/2023,active
PM00104,Free Gift,6/8/2023,6/23/2023,active
PM00105,Discount,6/15/2023,6/29/2023,active
PM00106,Discount,10/16/2023,11/2/2023,not
PM00107,Free Gift,12/2/2023,12/19/2023,not
PM00108,Buy One Get One,11/12/2023,12/11/2023,active
PM00109,Buy One Get One,3/13/2023,4/3/2023,not
PM00110,Buy One Get One,5/13/2023,5/21/2023,active
PM00111,Buy One Get One,11/15/2023,11/20/2023,active
PM00112,Buy One Get One,7/21/2023,8/2/2023,active
PM00113,Buy One Get One,12/14/2023,1/3/2024,not
PM00114,Free Gift,2/6/2023,2/26/2023,not
PM00115,Buy One Get One,3/24/2023,3/29/2023,active
PM00116,Discount,5/24/2023,6/17/2023,not
PM00117,Buy One Get One,1/6/2023,1/31/2023,active
PM00118,Buy One Get One,9/9/2023,9/27/2023,active
PM00119,Buy One Get One,6/29/2023,7/7/2023,not
PM00120,Free Gift,7/19/2023,8/7/2023,not
PM00121,Buy One Get One,3/30/2023,4/2/2023,not
PM00122,Free Gift,4/5/2023,4/10/2023,not
PM00123,Buy One Get One,10/29/2023,11/6/2023,active
PM00124,Free Gift,12/11/2023,12/23/2023,active
PM00125,Discount,9/21/2023,9/26/2023,not
PM00126,Free Gift,6/20/2023,7/13/2023,not
PM00127,Free Gift,9/1/2023,9/27/2023,not
PM00128,Free Gift,10/7/2023,11/4/2023,not
PM00129,Discount,1/5/2023,1/30/2023,active
PM00130,Free Gift,5/22/2023,6/6/2023,active
PM00131,Free Gift,12/23/2023,1/16/2024,active
PM00132,Buy One Get One,12/21/2023,12/31/2023,active
PM00133,Buy One Get One,1/4/2023,1/26/2023,not
PM00134,Buy One Get One,2/4/2023,2/26/2023,not
PM00135,Free Gift,8/26/2023,9/15/2023,not
PM00136,Free Gift,7/29/2023,8/7/2023,not
PM00137,Free Gift,9/23/2023,10/2/2023,active
PM00138,Buy One Get One,1/12/2023,2/2/2023,active
PM00139,Discount,5/8/2023,5/25/2023,active
PM00140,Buy One Get One,9/16/2023,9/25/2023,active
PM00141,Discount,10/9/2023,10/19/2023,active
PM00142,Free Gift,7/23/2023,8/16/2023,active
PM00143,Free Gift,8/17/2023,8/22/2023,not
PM00144,Buy One Get One,2/14/2023,3/15/2023,not
PM00145,Discount,9/21/2023,10/2/2023,active
PM00146,Free Gift,12/5/2023,12/21/2023,active
PM00147,Discount,12/24/2023,1/7/2024,active
PM00148,Free Gift,2/1/2023,2/28/2023,not
PM00149,Buy One Get One,9/15/2023,10/13/2023,active
PM00150,Buy One Get One,5/25/2023,6/19/2023,active
PM00151,Discount,11/1/2023,11/15/2023,active
PM00152,Free Gift,7/19/2023,8/1/2023,active
PM00153,Buy One Get One,11/3/2023,11/18/2023,active
PM00154,Discount,10/13/2023,10/27/2023,not
PM00155,Free Gift,7/30/2023,8/6/2023,not
PM00156,Free Gift,3/10/2023,3/20/2023,not
PM00157,Free Gift,12/15/2023,1/13/2024,not
PM00158,Discount,2/15/2023,3/15/2023,active
PM00159,Buy One Get One,1/12/2023,1/21/2023,active
PM00160,Buy One Get One,11/8/2023,11/21/2023,not
PM00161,Discount,1/1/2023,1/15/2023,active
PM00162,Buy One Get One,12/16/2023,1/1/2024,active
PM00163,Free Gift,5/6/2023,5/11/2023,not
PM00164,Free Gift,2/21/2023,3/19/2023,active
PM00165,Discount,1/7/2023,1/20/2023,active
PM00166,Buy One Get One,7/16/2023,7/30/2023,not
PM00167,Discount,10/19/2023,10/27/2023,not
PM00168,Buy One Get One,9/13/2023,9/20/2023,active
PM00169,Free Gift,9/12/2023,9/15/2023,active
PM00170,Free Gift,2/18/2023,3/17/2023,active
PM00171,Discount,3/10/2023,3/23/2023,not
PM00172,Free Gift,6/16/2023,7/11/2023,active
PM00173,Buy One Get One,11/28/2023,12/12/2023,not
PM00174,Discount,7/9/2023,7/22/2023,active
PM00175,Discount,8/9/2023,9/8/2023,not
PM00176,Buy One Get One,7/12/2023,8/6/2023,active
PM00177,Free Gift,10/30/2023,11/20/2023,not
PM00178,Discount,5/22/2023,6/4/2023,active
PM00179,Buy One Get One,3/12/2023,3/26/2023,not
PM00180,Buy One Get One,7/10/2023,7/28/2023,active
PM00181,Discount,6/11/2023,7/1/2023,not
PM00182,Buy One Get One,7/26/2023,8/15/2023,not
PM00183,Discount,9/10/2023,9/21/2023,active
PM00184,Discount,4/20/2023,4/28/2023,active
PM00185,Buy One Get One,9/13/2023,9/28/2023,not
PM00186,Discount,10/1/2023,10/9/2023,active
PM00187,Free Gift,11/19/2023,12/4/2023,not
PM00188,Discount,12/29/2023,12/30/2023,active
PM00189,Discount,2/21/2023,3/14/2023,active
PM00190,Buy One Get One,7/10/2023,7/28/2023,not
PM00191,Discount,6/14/2023,6/23/2023,not
PM00192,Buy One Get One,1/18/2023,1/30/2023,active
PM00193,Discount,6/18/2023,7/5/2023,active
PM00194,Discount,11/17/2023,11/30/2023,active
PM00195,Discount,10/22/2023,11/7/2023,not
PM00196,Free Gift,9/28/2023,10/24/2023,active
PM00197,Free Gift,6/26/2023,7/25/2023,active
PM00198,Buy One Get One,12/19/2023,12/20/2023,active
PM00199,Discount,12/24/2023,1/22/2024,active
PM00200,Buy One Get One,11/12/2023,12/3/2023,not
PM00201,Free Gift,12/12/2023,1/4/2024,not
PM00202,Buy One Get One,1/18/2023,1/24/2023,not
PM00203,Free Gift,2/4/2023,3/6/2023,active
PM00204,Buy One Get One,7/17/2023,8/3/2023,not
PM00205,Free Gift,2/23/2023,3/23/2023,not
PM00206,Discount,6/20/2023,6/26/2023,active
PM00207,Discount,9/9/2023,9/13/2023,active
PM00208,Discount,3/14/2023,3/24/2023,not
PM00209,Discount,10/5/2023,11/3/2023,active
PM00210,Free Gift,1/20/2023,2/4/2023,not
PM00211,Buy One Get One,6/24/2023,7/17/2023,active
PM00212,Discount,4/24/2023,4/26/2023,not
PM00213,Buy One Get One,6/18/2023,7/16/2023,active
PM00214,Discount,1/29/2023,2/5/2023,not
PM00215,Free Gift,9/24/2023,10/12/2023,not
PM00216,Free Gift,1/20/2023,1/29/2023,active
PM00217,Discount,8/24/2023,8/25/2023,active
PM00218,Buy One Get One,6/28/2023,7/9/2023,active
PM00219,Free Gift,12/11/2023,12/19/2023,active
PM00220,Discount,9/26/2023,10/14/2023,not
PM00221,Free Gift,3/17/2023,3/31/2023,not
PM00222,Buy One Get One,11/19/2023,11/27/2023,not
PM00223,Discount,4/2/2023,4/10/2023,active
PM00224,Discount,9/24/2023,10/1/2023,active
PM00225,Discount,1/19/2023,2/8/2023,active
PM00226,Discount,1/11/2023,1/29/2023,active
PM00227,Discount,3/4/2023,3/12/2023,active
PM00228,Free Gift,12/22/2023,12/31/2023,not
PM00229,Buy One Get One,6/4/2023,6/10/2023,not
PM00230,Buy One Get One,9/15/2023,10/14/2023,not
PM00231,Buy One Get One,9/9/2023,9/20/2023,active
PM00232,Free Gift,8/19/2023,9/4/2023,not
PM00233,Discount,8/16/2023,9/12/2023,active
PM00234,Buy One Get One,11/7/2023,11/17/2023,active
PM00235,Buy One Get One,2/17/2023,2/22/2023,active
PM00236,Discount,9/12/2023,10/6/2023,active
PM00237,Buy One Get One,6/5/2023,7/4/2023,active
PM00238,Discount,10/12/2023,11/1/2023,active
PM00239,Discount,7/15/2023,7/24/2023,not
PM00240,Buy One Get One,6/18/2023,6/21/2023,active
PM00241,Free Gift,4/22/2023,4/24/2023,not
PM00242,Discount,4/5/2023,4/8/2023,active
PM00243,Free Gift,9/8/2023,9/9/2023,not
PM00244,Discount,4/17/2023,5/14/2023,not
PM00245,Buy One Get One,5/17/2023,5/25/2023,not
PM00246,Discount,12/5/2023,1/3/2024,not
PM00247,Buy One Get One,6/5/2023,7/1/2023,active
PM00248,Buy One Get One,9/28/2023,10/1/2023,active
PM00249,Buy One Get One,3/1/2023,3/7/2023,active
PM00250,Free Gift,7/22/2023,7/30/2023,active
PM00251,Discount,8/9/2023,8/24/2023,active
PM00252,Discount,1/17/2023,2/3/2023,not
PM00253,Discount,2/10/2023,3/2/2023,not
PM00254,Discount,1/25/2023,2/13/2023,active
PM00255,Free Gift,8/27/2023,9/14/2023,active
PM00256,Discount,11/28/2023,12/1/2023,active
PM00257,Buy One Get One,10/2/2023,10/25/2023,not
PM00258,Discount,2/21/2023,3/9/2023,active
PM00259,Buy One Get One,7/18/2023,8/16/2023,not
PM00260,Buy One Get One,9/24/2023,10/5/2023,not
PM00261,Discount,5/23/2023,5/28/2023,not
PM00262,Discount,7/20/2023,8/1/2023,active
PM00263,Discount,12/10/2023,12/13/2023,active
PM00264,Discount,12/5/2023,12/11/2023,active
PM00265,Free Gift,5/19/2023,5/23/2023,active
PM00266,Discount,2/2/2023,3/4/2023,not
PM00267,Discount,4/15/2023,5/13/2023,active
PM00268,Discount,10/6/2023,10/29/2023,active
PM00269,Buy One Get One,9/5/2023,10/4/2023,active
PM00270,Buy One Get One,1/17/2023,2/7/2023,not
PM00271,Free Gift,5/18/2023,5/28/2023,not
PM00272,Buy One Get One,1/18/2023,2/7/2023,not
PM00273,Free Gift,4/12/2023,4/21/2023,not
PM00274,Discount,12/11/2023,12/26/2023,not
PM00275,Discount,3/12/2023,3/22/2023,not
PM00276,Discount,12/25/2023,1/24/2024,not
PM00277,Discount,3/21/2023,4/8/2023,active
PM00278,Discount,5/11/2023,5/22/2023,active
PM00279,Free Gift,8/15/2023,9/12/2023,not
PM00280,Discount,1/21/2023,2/8/2023,active
PM00281,Discount,8/26/2023,9/22/2023,active
PM00282,Free Gift,11/14/2023,11/16/2023,active
PM00283,Free Gift,6/11/2023,7/2/2023,active
PM00284,Buy One Get One,1/28/2023,2/2/2023,not
PM00285,Discount,6/3/2023,6/8/2023,not
PM00286,Discount,5/9/2023,5/29/2023,not
PM00287,Discount,3/31/2023,4/26/2023,not
PM00288,Buy One Get One,10/4/2023,10/27/2023,active
PM00289,Discount,12/24/2023,1/12/2024,not
PM00290,Buy One Get One,5/1/2023,5/16/2023,active
PM00291,Discount,6/12/2023,7/10/2023,active
PM00292,Discount,4/4/2023,4/28/2023,active
PM00293,Free Gift,1/12/2023,1/14/2023,active
PM00294,Free Gift,9/6/2023,9/16/2023,not
PM00295,Buy One Get One,5/21/2023,6/11/2023,not
PM00296,Buy One Get One,11/2/2023,11/22/2023,not
PM00297,Discount,2/2/2023,2/8/2023,not
PM00298,Free Gift,6/1/2023,6/24/2023,active
PM00299,Discount,1/9/2023,1/14/2023,active
PM00300,Discount,6/8/2023,6/26/2023,active
PM00301,Buy One Get One,12/18/2023,1/14/2024,active
PM00302,Discount,7/13/2023,7/22/2023,not
PM00303,Buy One Get One,10/14/2023,11/10/2023,not
PM00304,Buy One Get One,3/1/2023,3/12/2023,active
PM00305,Buy One Get One,4/1/2023,4/30/2023,active
PM00306,Buy One Get One,4/9/2023,4/10/2023,active
PM00307,Free Gift,8/13/2023,8/20/2023,active
PM00308,Free Gift,7/21/2023,8/4/2023,not
PM00309,Free Gift,6/20/2023,6/28/2023,not
PM00310,Free Gift,5/27/2023,5/30/2023,not
PM00311,Discount,8/27/2023,9/13/2023,active
PM00312,Free Gift,6/16/2023,6/29/2023,active
PM00313,Free Gift,4/6/2023,4/22/2023,not
PM00314,Free Gift,8/28/2023,9/25/2023,active
PM00315,Buy One Get One,11/2/2023,11/30/2023,active
PM00316,Free Gift,5/12/2023,5/13/2023,not
PM00317,Free Gift,6/28/2023,7/3/2023,active
PM00318,Free Gift,6/12/2023,6/29/2023,not
PM00319,Discount,10/17/2023,10/25/2023,active
PM00320,Discount,3/18/2023,4/14/2023,not
PM00321,Free Gift,11/6/2023,11/25/2023,not
PM00322,Buy One Get One,8/18/2023,8/22/2023,not
PM00323,Free Gift,11/19/2023,12/1/2023,active
PM00324,Buy One Get One,12/11/2023,12/22/2023,active
PM00325,Discount,8/1/2023,8/25/2023,not
PM00326,Buy One Get One,11/5/2023,11/16/2023,not
PM00327,Buy One Get One,5/13/2023,5/23/2023,active
PM00328,Buy One Get One,9/18/2023,10/7/2023,active
PM00329,Discount,12/16/2023,12/23/2023,not
PM00330,Discount,3/12/2023,4/2/2023,not
PM00331,Discount,5/25/2023,6/11/2023,not
PM00332,Free Gift,9/13/2023,9/27/2023,active
PM00333,Free Gift,4/8/2023,4/29/2023,not
PM00334,Discount,1/17/2023,1/28/2023,active
PM00335,Discount,7/8/2023,7/10/2023,active
PM00336,Free Gift,9/24/2023,10/7/2023,not
PM00337,Discount,9/27/2023,10/24/2023,active
PM00338,Free Gift,12/26/2023,1/24/2024,active
PM00339,Buy One Get One,6/10/2023,7/5/2023,not
PM00340,Discount,6/11/2023,7/4/2023,active
PM00341,Discount,5/18/2023,6/7/2023,not
PM00342,Free Gift,8/14/2023,8/18/2023,active
PM00343,Buy One Get One,2/7/2023,2/10/2023,active
PM00344,Free Gift,7/24/2023,8/3/2023,not
PM00345,Buy One Get One,9/25/2023,10/15/2023,not
PM00346,Discount,10/18/2023,10/19/2023,not
PM00347,Buy One Get One,4/14/2023,5/4/2023,active
PM00348,Free Gift,7/6/2023,7/25/2023,not
PM00349,Buy One Get One,2/2/2023,2/9/2023,active
PM00350,Free Gift,8/26/2023,9/21/2023,not
PM00351,Free Gift,4/28/2023,5/26/2023,active
PM00352,Discount,9/24/2023,10/1/2023,active
PM00353,Buy One Get One,11/24/2023,12/1/2023,active
PM00354,Discount,3/22/2023,3/27/2023,not
PM00355,Buy One Get One,9/17/2023,9/27/2023,active
PM00356,Buy One Get One,3/17/2023,4/13/2023,not
PM00357,Buy One Get One,10/30/2023,11/15/2023,active
PM00358,Buy One Get One,7/3/2023,7/25/2023,active
PM00359,Discount,1/14/2023,2/10/2023,active
PM00360,Buy One Get One,2/20/2023,3/13/2023,not
PM00361,Discount,6/4/2023,6/25/2023,active
PM00362,Buy One Get One,3/16/2023,4/13/2023,active
PM00363,Discount,8/24/2023,9/8/2023,active
PM00364,Free Gift,10/2/2023,10/16/2023,active
PM00365,Buy One Get One,10/4/2023,10/30/2023,not
PM00366,Discount,2/18/2023,3/15/2023,active
PM00367,Free Gift,9/19/2023,9/20/2023,not
PM00368,Buy One Get One,11/21/2023,11/26/2023,not
PM00369,Free Gift,8/29/2023,9/10/2023,active
PM00370,Buy One Get One,8/4/2023,8/24/2023,not
PM00371,Free Gift,9/11/2023,9/18/2023,not
PM00372,Free Gift,5/24/2023,6/21/2023,not
PM00373,Discount,12/29/2023,12/30/2023,active
PM00374,Buy One Get One,8/17/2023,8/26/2023,not
PM00375,Free Gift,11/30/2023,12/15/2023,not
PM00376,Discount,5/7/2023,5/29/2023,not
PM00377,Discount,7/9/2023,8/1/2023,active
PM00378,Free Gift,3/10/2023,4/5/2023,active
PM00379,Buy One Get One,4/30/2023,5/23/2023,not
PM00380,Free Gift,1/30/2023,2/26/2023,active
PM00381,Buy One Get One,11/14/2023,12/7/2023,active
PM00382,Buy One Get One,4/26/2023,5/5/2023,active
PM00383,Buy One Get One,3/9/2023,3/29/2023,active
PM00384,Discount,3/9/2023,3/21/2023,active
PM00385,Buy One Get One,4/6/2023,4/16/2023,not
PM00386,Discount,4/2/2023,4/5/2023,not
PM00387,Discount,6/29/2023,7/8/2023,active
PM00388,Discount,3/11/2023,4/7/2023,not
PM00389,Buy One Get One,10/25/2023,11/5/2023,not
PM00390,Buy One Get One,10/3/2023,10/10/2023,not
PM00391,Free Gift,9/8/2023,9/25/2023,active
PM00392,Free Gift,3/16/2023,3/20/2023,not
PM00393,Discount,10/23/2023,11/19/2023,not
PM00394,Buy One Get One,8/17/2023,8/26/2023,active
PM00395,Buy One Get One,8/12/2023,8/27/2023,not
PM00396,Free Gift,2/27/2023,3/27/2023,not
PM00397,Free Gift,3/24/2023,4/21/2023,not
PM00398,Free Gift,10/26/2023,10/27/2023,not
PM00399,Free Gift,9/14/2023,10/5/2023,not
PM00400,Buy One Get One,6/11/2023,6/22/2023,active
PM00401,Discount,3/17/2023,3/18/2023,not
PM00402,Discount,3/8/2023,4/7/2023,not
PM00403,Free Gift,10/31/2023,11/23/2023,not
PM00404,Discount,1/20/2023,1/25/2023,not
PM00405,Buy One Get One,9/13/2023,9/30/2023,not
PM00406,Buy One Get One,3/31/2023,4/8/2023,active
PM00407,Free Gift,5/12/2023,5/29/2023,not
PM00408,Buy One Get One,1/4/2023,1/8/2023,active
PM00409,Discount,8/6/2023,8/29/2023,not
PM00410,Free Gift,8/5/2023,8/24/2023,not
PM00411,Discount,9/10/2023,10/3/2023,active
PM00412,Discount,3/22/2023,4/19/2023,not
PM00413,Free Gift,8/1/2023,8/17/2023,not
PM00414,Buy One Get One,2/5/2023,3/7/2023,active
PM00415,Discount,5/25/2023,6/6/2023,active
PM00416,Discount,9/6/2023,9/27/2023,not
PM00417,Buy One Get One,2/28/2023,3/22/2023,not
PM00418,Buy One Get One,3/10/2023,4/1/2023,active
PM00419,Buy One Get One,8/9/2023,8/12/2023,not
PM00420,Buy One Get One,5/17/2023,5/24/2023,not
PM00421,Discount,10/14/2023,10/24/2023,not
PM00422,Free Gift,7/17/2023,7/20/2023,not
PM00423,Free Gift,10/24/2023,11/14/2023,active
PM00424,Buy One Get One,2/4/2023,2/24/2023,active
PM00425,Free Gift,3/14/2023,4/11/2023,not
PM00426,Free Gift,11/1/2023,11/20/2023,active
PM00427,Free Gift,9/8/2023,10/7/2023,not
PM00428,Buy One Get One,3/23/2023,3/27/2023,active
PM00429,Free Gift,11/29/2023,12/25/2023,not
PM00430,Free Gift,12/30/2023,1/7/2024,active
PM00431,Buy One Get One,6/24/2023,7/14/2023,not
PM00432,Buy One Get One,4/3/2023,4/20/2023,active
PM00433,Free Gift,8/22/2023,9/17/2023,active
PM00434,Buy One Get One,11/5/2023,11/20/2023,active
PM00435,Free Gift,9/29/2023,10/24/2023,not
PM00436,Buy One Get One,5/23/2023,6/1/2023,not
PM00437,Buy One Get One,12/13/2023,12/26/2023,not
PM00438,Discount,5/30/2023,6/20/2023,not
PM00439,Buy One Get One,5/16/2023,5/27/2023,not
PM00440,Free Gift,11/17/2023,12/16/2023,active
PM00441,Discount,8/2/2023,8/16/2023,not
PM00442,Discount,7/17/2023,7/22/2023,active
PM00443,Free Gift,9/18/2023,9/29/2023,active
PM00444,Buy One Get One,1/9/2023,2/1/2023,not
PM00445,Discount,10/14/2023,10/19/2023,not
PM00446,Discount,3/8/2023,4/1/2023,active
PM00447,Free Gift,2/1/2023,2/23/2023,not
PM00448,Free Gift,11/5/2023,11/6/2023,not
PM00449,Free Gift,1/23/2023,2/14/2023,active
PM00450,Discount,3/23/2023,3/25/2023,not
PM00451,Buy One Get One,11/10/2023,11/14/2023,not
PM00452,Buy One Get One,4/25/2023,5/22/2023,active
PM00453,Free Gift,10/8/2023,10/14/2023,not
PM00454,Free Gift,10/21/2023,10/26/2023,active
PM00455,Free Gift,1/30/2023,2/26/2023,not
PM00456,Free Gift,6/15/2023,7/14/2023,not
PM00457,Buy One Get One,5/12/2023,5/31/2023,active
PM00458,Discount,7/28/2023,8/9/2023,active
PM00459,Free Gift,3/11/2023,3/12/2023,active
PM00460,Buy One Get One,6/3/2023,6/13/2023,active
PM00461,Discount,2/8/2023,2/12/2023,active
PM00462,Free Gift,12/18/2023,12/28/2023,not
PM00463,Free Gift,5/6/2023,5/21/2023,not
PM00464,Free Gift,8/19/2023,9/16/2023,not
PM00465,Buy One Get One,11/27/2023,12/1/2023,not
PM00466,Discount,5/29/2023,6/24/2023,active
PM00467,Buy One Get One,12/19/2023,12/27/2023,not
PM00468,Free Gift,4/25/2023,5/17/2023,active
PM00469,Discount,11/24/2023,12/8/2023,active
PM00470,Buy One Get One,1/17/2023,2/13/2023,not
PM00471,Discount,12/16/2023,1/13/2024,not
PM00472,Buy One Get One,11/30/2023,12/8/2023,not
PM00473,Buy One Get One,5/15/2023,5/25/2023,not
PM00474,Free Gift,7/14/2023,7/20/2023,active
PM00475,Buy One Get One,8/4/2023,8/8/2023,not
PM00476,Buy One Get One,7/26/2023,8/6/2023,active
PM00477,Buy One Get One,10/7/2023,10/23/2023,not
PM00478,Buy One Get One,3/28/2023,4/4/2023,not
PM00479,Buy One Get One,2/15/2023,2/23/2023,not
PM00480,Free Gift,1/27/2023,2/26/2023,active
PM00481,Discount,2/18/2023,2/23/2023,not
PM00482,Discount,5/16/2023,6/11/2023,not
PM00483,Free Gift,8/13/2023,8/27/2023,not
PM00484,Free Gift,12/8/2023,12/22/2023,active
PM00485,Free Gift,4/8/2023,4/28/2023,active
PM00486,Free Gift,3/18/2023,3/25/2023,active
PM00487,Buy One Get One,7/30/2023,8/8/2023,active
PM00488,Discount,4/5/2023,4/25/2023,not
PM00489,Discount,1/20/2023,2/10/2023,active
PM00490,Free Gift,6/6/2023,6/18/2023,not
PM00491,Buy One Get One,7/3/2023,7/14/2023,active
PM00492,Buy One Get One,9/3/2023,9/20/2023,active
PM00493,Free Gift,5/17/2023,5/19/2023,not
PM00494,Discount,7/27/2023,8/25/2023,active
PM00495,Free Gift,8/1/2023,8/9/2023,not
PM00496,Free Gift,8/13/2023,9/11/2023,active
PM00497,Discount,9/12/2023,10/5/2023,not
PM00498,Discount,2/18/2023,2/23/2023,not
PM00499,Free Gift,2/11/2023,3/4/2023,active
PM00500,Free Gift,5/19/2023,6/18/2023,active
PM00501,Buy One Get One,3/6/2023,3/26/2023,active
PM00502,Buy One Get One,12/20/2023,12/26/2023,not
PM00503,Free Gift,7/22/2023,8/14/2023,active
PM00504,Buy One Get One,4/23/2023,4/26/2023,active
PM00505,Free Gift,11/14/2023,12/4/2023,not
PM00506,Free Gift,8/30/2023,9/26/2023,not
PM00507,Buy One Get One,8/11/2023,8/25/2023,active
PM00508,Free Gift,1/14/2023,1/23/2023,not
PM00509,Free Gift,8/20/2023,9/17/2023,not
PM00510,Discount,12/10/2023,1/7/2024,not
PM00511,Free Gift,2/6/2023,2/26/2023,not
PM00512,Discount,12/27/2023,1/18/2024,not
PM00513,Buy One Get One,4/3/2023,4/7/2023,active
PM00514,Discount,5/18/2023,5/25/2023,not
PM00515,Free Gift,2/18/2023,3/9/2023,not
PM00516,Free Gift,2/21/2023,3/23/2023,not
PM00517,Buy One Get One,5/30/2023,6/7/2023,not
PM00518,Buy One Get One,6/21/2023,6/27/2023,active
PM00519,Discount,9/12/2023,9/14/2023,not
PM00520,Buy One Get One,9/24/2023,10/12/2023,not
PM00521,Free Gift,10/1/2023,10/23/2023,active
PM00522,Free Gift,5/7/2023,5/14/2023,not
PM00523,Free Gift,5/20/2023,5/23/2023,not
PM00524,Buy One Get One,7/18/2023,8/17/2023,not
PM00525,Discount,6/23/2023,6/26/2023,active
PM00526,Buy One Get One,12/4/2023,12/17/2023,not
PM00527,Free Gift,7/10/2023,7/18/2023,not
PM00528,Buy One Get One,11/1/2023,11/10/2023,active
PM00529,Free Gift,11/22/2023,12/22/2023,not
PM00530,Free Gift,1/30/2023,2/24/2023,not
PM00531,Discount,7/17/2023,7/29/2023,not
PM00532,Buy One Get One,10/19/2023,11/7/2023,not
PM00533,Buy One Get One,6/30/2023,7/2/2023,not
PM00534,Buy One Get One,6/6/2023,6/18/2023,active
PM00535,Buy One Get One,10/20/2023,10/27/2023,active
PM00536,Buy One Get One,7/8/2023,7/29/2023,not
PM00537,Discount,7/1/2023,7/19/2023,not
PM00538,Discount,7/2/2023,7/12/2023,active
PM00539,Free Gift,2/15/2023,3/6/2023,not
PM00540,Discount,2/20/2023,3/10/2023,not
PM00541,Free Gift,2/1/2023,2/17/2023,not
PM00542,Free Gift,6/11/2023,6/26/2023,not
PM00543,Buy One Get One,7/26/2023,8/10/2023,active
PM00544,Free Gift,9/23/2023,9/26/2023,not
PM00545,Buy One Get One,11/21/2023,11/27/2023,not
PM00546,Discount,9/18/2023,10/4/2023,not
PM00547,Discount,7/2/2023,7/25/2023,not
PM00548,Buy One Get One,8/29/2023,9/20/2023,not
PM00549,Discount,5/2/2023,5/14/2023,not
PM00550,Free Gift,4/24/2023,5/9/2023,active
PM00551,Buy One Get One,5/10/2023,5/30/2023,not
PM00552,Buy One Get One,9/12/2023,9/13/2023,not
PM00553,Free Gift,11/14/2023,11/26/2023,active
PM00554,Discount,5/19/2023,6/17/2023,active
PM00555,Discount,11/16/2023,12/6/2023,active
PM00556,Buy One Get One,4/11/2023,4/21/2023,not
PM00557,Free Gift,3/22/2023,3/28/2023,active
PM00558,Discount,8/26/2023,9/14/2023,not
PM00559,Discount,4/9/2023,4/17/2023,not
PM00560,Free Gift,7/4/2023,7/28/2023,active
PM00561,Free Gift,12/16/2023,1/7/2024,active
PM00562,Buy One Get One,10/14/2023,11/3/2023,not
PM00563,Discount,2/20/2023,3/4/2023,active
PM00564,Free Gift,8/14/2023,8/26/2023,not
PM00565,Free Gift,1/17/2023,2/12/2023,active
PM00566,Free Gift,4/25/2023,4/27/2023,active
PM00567,Discount,11/25/2023,12/1/2023,active
PM00568,Free Gift,11/14/2023,11/24/2023,not
PM00569,Free Gift,5/2/2023,5/12/2023,not
PM00570,Discount,7/6/2023,7/13/2023,not
PM00571,Buy One Get One,7/5/2023,7/16/2023,active
PM00572,Discount,3/27/2023,4/13/2023,not
PM00573,Buy One Get One,2/1/2023,2/9/2023,not
PM00574,Buy One Get One,4/12/2023,5/3/2023,active
PM00575,Discount,4/14/2023,4/19/2023,not
PM00576,Free Gift,5/4/2023,5/19/2023,not
PM00577,Discount,5/9/2023,5/26/2023,not
PM00578,Buy One Get One,3/12/2023,3/27/2023,not
PM00579,Buy One Get One,12/13/2023,12/26/2023,active
PM00580,Discount,3/12/2023,3/29/2023,active
PM00581,Buy One Get One,2/5/2023,2/22/2023,not
PM00582,Discount,11/21/2023,12/12/2023,not
PM00583,Discount,3/16/2023,4/15/2023,not
PM00584,Buy One Get One,10/10/2023,10/14/2023,active
PM00585,Buy One Get One,2/11/2023,3/13/2023,active
PM00586,Buy One Get One,3/16/2023,4/7/2023,not
PM00587,Buy One Get One,2/2/2023,2/4/2023,active
PM00588,Free Gift,4/16/2023,4/28/2023,not
PM00589,Discount,2/1/2023,2/10/2023,not
PM00590,Discount,9/6/2023,10/3/2023,active
PM00591,Discount,12/9/2023,12/12/2023,not
PM00592,Discount,3/26/2023,4/14/2023,active
PM00593,Free Gift,10/27/2023,10/29/2023,not
PM00594,Buy One Get One,7/9/2023,8/2/2023,active
PM00595,Discount,4/6/2023,4/10/2023,active
PM00596,Discount,2/9/2023,3/8/2023,not
PM00597,Free Gift,3/20/2023,4/3/2023,not
PM00598,Free Gift,8/12/2023,8/20/2023,not
PM00599,Discount,7/18/2023,8/4/2023,active
PM00600,Discount,9/27/2023,10/18/2023,not
PM00601,Buy One Get One,12/28/2023,1/27/2024,active
PM00602,Free Gift,10/31/2023,11/22/2023,active
PM00603,Discount,3/30/2023,4/1/2023,not
PM00604,Discount,9/16/2023,10/7/2023,not
PM00605,Free Gift,10/6/2023,10/29/2023,active
PM00606,Discount,3/16/2023,4/9/2023,not
PM00607,Buy One Get One,11/13/2023,11/18/2023,active
PM00608,Buy One Get One,5/3/2023,5/6/2023,not
PM00609,Free Gift,12/17/2023,12/22/2023,active
PM00610,Discount,11/14/2023,11/18/2023,active
PM00611,Free Gift,7/14/2023,7/27/2023,not
PM00612,Discount,9/12/2023,10/9/2023,active
PM00613,Free Gift,7/7/2023,7/29/2023,active
PM00614,Free Gift,12/13/2023,12/29/2023,active
PM00615,Discount,2/18/2023,3/3/2023,not
PM00616,Free Gift,12/11/2023,12/15/2023,not
PM00617,Free Gift,10/11/2023,10/26/2023,active
PM00618,Free Gift,7/24/2023,8/9/2023,not
PM00619,Free Gift,10/27/2023,11/6/2023,not
PM00620,Free Gift,8/21/2023,9/14/2023,not
PM00621,Buy One Get One,11/3/2023,12/3/2023,not
PM00622,Free Gift,1/31/2023,2/23/2023,not
PM00623,Buy One Get One,8/18/2023,9/3/2023,not
PM00624,Free Gift,11/29/2023,12/22/2023,active
PM00625,Buy One Get One,3/16/2023,4/10/2023,active
PM00626,Discount,7/4/2023,7/26/2023,not
PM00627,Discount,2/15/2023,2/20/2023,active
PM00628,Free Gift,11/3/2023,11/24/2023,not
PM00629,Discount,3/1/2023,3/20/2023,not
PM00630,Buy One Get One,11/14/2023,11/26/2023,active
PM00631,Discount,11/7/2023,11/8/2023,not
PM00632,Buy One Get One,4/24/2023,5/20/2023,active
PM00633,Buy One Get One,10/5/2023,10/27/2023,not
PM00634,Discount,9/2/2023,9/21/2023,active
PM00635,Discount,1/12/2023,2/7/2023,active
PM00636,Buy One Get One,2/13/2023,2/20/2023,active
PM00637,Free Gift,12/22/2023,1/18/2024,active
PM00638,Discount,11/13/2023,11/21/2023,not
PM00639,Buy One Get One,8/8/2023,8/24/2023,not
PM00640,Discount,6/26/2023,7/8/2023,not
PM00641,Buy One Get One,6/21/2023,7/1/2023,not
PM00642,Free Gift,11/18/2023,12/15/2023,not
PM00643,Buy One Get One,6/14/2023,6/22/2023,active
PM00644,Buy One Get One,10/2/2023,10/22/2023,not
PM00645,Free Gift,3/18/2023,4/5/2023,not
PM00646,Discount,4/13/2023,5/3/2023,not
PM00647,Buy One Get One,4/4/2023,4/10/2023,active
PM00648,Free Gift,2/25/2023,3/4/2023,not
PM00649,Free Gift,5/24/2023,5/26/2023,not
PM00650,Discount,4/18/2023,5/9/2023,not
PM00651,Free Gift,4/12/2023,4/29/2023,not
PM00652,Discount,2/25/2023,3/24/2023,active
PM00653,Discount,1/26/2023,2/22/2023,not
PM00654,Free Gift,6/22/2023,7/4/2023,active
PM00655,Discount,10/21/2023,11/3/2023,active
PM00656,Discount,1/10/2023,2/7/2023,not
PM00657,Free Gift,1/10/2023,1/28/2023,not
PM00658,Discount,2/7/2023,3/7/2023,active
PM00659,Discount,8/7/2023,9/6/2023,not
PM00660,Discount,11/3/2023,11/15/2023,not
PM00661,Buy One Get One,8/3/2023,8/10/2023,not
PM00662,Buy One Get One,11/6/2023,11/16/2023,not
PM00663,Buy One Get One,12/7/2023,12/14/2023,active
PM00664,Buy One Get One,11/18/2023,12/17/2023,not
PM00665,Free Gift,8/3/2023,8/13/2023,not
PM00666,Free Gift,5/27/2023,6/4/2023,active
PM00667,Buy One Get One,11/29/2023,12/11/2023,not
PM00668,Discount,2/2/2023,2/16/2023,active
PM00669,Free Gift,10/21/2023,11/11/2023,not
PM00670,Discount,3/5/2023,3/31/2023,not
PM00671,Free Gift,6/14/2023,7/3/2023,not
PM00672,Free Gift,7/18/2023,7/25/2023,not
PM00673,Free Gift,1/26/2023,2/19/2023,active
PM00674,Discount,6/24/2023,7/3/2023,not
PM00675,Buy One Get One,8/17/2023,8/25/2023,active
PM00676,Free Gift,10/20/2023,10/22/2023,active
PM00677,Free Gift,2/1/2023,2/27/2023,active
PM00678,Discount,5/3/2023,6/1/2023,not
PM00679,Discount,2/14/2023,2/23/2023,not
PM00680,Discount,10/23/2023,11/2/2023,active
PM00681,Free Gift,8/31/2023,9/16/2023,active
PM00682,Free Gift,12/19/2023,12/26/2023,active
PM00683,Discount,2/5/2023,2/28/2023,not
PM00684,Discount,7/3/2023,7/30/2023,not
PM00685,Buy One Get One,2/19/2023,2/23/2023,not
PM00686,Free Gift,3/9/2023,3/11/2023,not
PM00687,Free Gift,2/9/2023,3/7/2023,not
PM00688,Buy One Get One,10/11/2023,10/26/2023,not
PM00689,Discount,12/7/2023,12/8/2023,active
PM00690,Free Gift,11/6/2023,11/13/2023,not
PM00691,Discount,2/24/2023,3/13/2023,not
PM00692,Discount,5/1/2023,5/12/2023,not
PM00693,Free Gift,6/13/2023,6/17/2023,not
PM00694,Buy One Get One,10/29/2023,11/2/2023,active
PM00695,Free Gift,12/17/2023,12/23/2023,not
PM00696,Free Gift,1/12/2023,2/1/2023,active
PM00697,Free Gift,1/11/2023,2/5/2023,not
PM00698,Buy One Get One,8/4/2023,9/1/2023,active
PM00699,Discount,1/30/2023,2/16/2023,active
PM00700,Free Gift,9/11/2023,9/26/2023,not
PM00701,Free Gift,8/4/2023,8/13/2023,active
PM00702,Buy One Get One,9/30/2023,10/14/2023,active
PM00703,Buy One Get One,3/15/2023,3/23/2023,not
PM00704,Buy One Get One,11/6/2023,11/20/2023,active
PM00705,Free Gift,3/11/2023,4/7/2023,not
PM00706,Free Gift,7/21/2023,8/16/2023,active
PM00707,Buy One Get One,7/30/2023,8/16/2023,active
PM00708,Discount,4/12/2023,4/29/2023,not
PM00709,Discount,9/8/2023,10/4/2023,not
PM00710,Discount,6/18/2023,6/25/2023,not
PM00711,Buy One Get One,4/2/2023,4/7/2023,not
PM00712,Discount,5/4/2023,5/21/2023,not
PM00713,Buy One Get One,2/17/2023,3/18/2023,not
PM00714,Buy One Get One,8/25/2023,9/18/2023,active
PM00715,Free Gift,11/25/2023,12/16/2023,not
PM00716,Free Gift,9/12/2023,9/28/2023,not
PM00717,Free Gift,9/20/2023,10/11/2023,active
PM00718,Free Gift,6/28/2023,7/3/2023,not
PM00719,Buy One Get One,12/4/2023,12/15/2023,active
PM00720,Buy One Get One,12/10/2023,12/27/2023,active
PM00721,Buy One Get One,11/24/2023,12/20/2023,active
PM00722,Free Gift,7/11/2023,8/3/2023,not
PM00723,Free Gift,11/12/2023,11/23/2023,active
PM00724,Free Gift,1/16/2023,2/8/2023,not
PM00725,Discount,2/16/2023,2/20/2023,active
PM00726,Free Gift,3/2/2023,3/24/2023,active
PM00727,Discount,11/14/2023,12/12/2023,not
PM00728,Free Gift,6/2/2023,6/20/2023,active
PM00729,Buy One Get One,7/27/2023,8/13/2023,not
PM00730,Discount,11/21/2023,12/6/2023,active
PM00731,Discount,10/6/2023,10/8/2023,not
PM00732,Discount,3/8/2023,3/9/2023,not
PM00733,Free Gift,3/11/2023,3/20/2023,not
PM00734,Discount,1/11/2023,1/14/2023,not
PM00735,Buy One Get One,8/23/2023,8/27/2023,not
PM00736,Discount,8/13/2023,9/4/2023,not
PM00737,Free Gift,7/9/2023,7/31/2023,not
PM00738,Free Gift,11/24/2023,12/3/2023,active
PM00739,Free Gift,3/12/2023,4/6/2023,not
PM00740,Buy One Get One,3/20/2023,3/31/2023,active
PM00741,Free Gift,4/9/2023,4/28/2023,active
PM00742,Buy One Get One,1/7/2023,1/16/2023,active
PM00743,Discount,9/13/2023,9/23/2023,not
PM00744,Free Gift,1/13/2023,1/29/2023,active
PM00745,Buy One Get One,12/6/2023,12/18/2023,active
PM00746,Buy One Get One,7/20/2023,8/2/2023,not
PM00747,Discount,9/2/2023,9/26/2023,active
PM00748,Buy One Get One,9/6/2023,9/28/2023,not
PM00749,Discount,12/25/2023,1/22/2024,active
PM00750,Buy One Get One,8/8/2023,8/21/2023,not
PM00751,Free Gift,3/14/2023,3/29/2023,active
PM00752,Free Gift,8/12/2023,9/4/2023,not
PM00753,Buy One Get One,9/6/2023,9/10/2023,not
PM00754,Buy One Get One,9/4/2023,9/12/2023,not
PM00755,Discount,7/30/2023,8/29/2023,not
PM00756,Buy One Get One,2/3/2023,2/13/2023,not
PM00757,Free Gift,7/8/2023,7/13/2023,active
PM00758,Buy One Get One,7/3/2023,7/21/2023,active
PM00759,Free Gift,11/28/2023,12/12/2023,not
PM00760,Discount,11/26/2023,12/2/2023,active
PM00761,Buy One Get One,1/16/2023,2/10/2023,active
PM00762,Free Gift,4/8/2023,4/30/2023,active
PM00763,Discount,3/15/2023,4/13/2023,not
PM00764,Buy One Get One,8/31/2023,9/19/2023,not
PM00765,Free Gift,7/13/2023,8/6/2023,not
PM00766,Buy One Get One,5/29/2023,6/17/2023,not
PM00767,Discount,5/16/2023,6/3/2023,active
PM00768,Free Gift,10/16/2023,10/22/2023,active
PM00769,Free Gift,12/19/2023,12/27/2023,active
PM00770,Free Gift,7/26/2023,8/2/2023,active
PM00771,Discount,12/10/2023,12/22/2023,not
PM00772,Free Gift,1/16/2023,1/20/2023,active
PM00773,Buy One Get One,9/17/2023,9/29/2023,not
PM00774,Buy One Get One,6/16/2023,7/3/2023,active
PM00775,Buy One Get One,4/8/2023,4/18/2023,active
PM00776,Free Gift,12/14/2023,12/22/2023,active
PM00777,Discount,7/30/2023,8/27/2023,not
PM00778,Discount,5/31/2023,6/10/2023,active
PM00779,Buy One Get One,5/27/2023,6/11/2023,active
PM00780,Buy One Get One,11/23/2023,12/3/2023,not
PM00781,Free Gift,7/23/2023,8/21/2023,active
PM00782,Buy One Get One,11/9/2023,11/20/2023,not
PM00783,Buy One Get One,6/25/2023,7/13/2023,active
PM00784,Discount,1/23/2023,2/12/2023,not
PM00785,Free Gift,5/19/2023,5/31/2023,active
PM00786,Discount,2/15/2023,3/16/2023,active
PM00787,Free Gift,3/30/2023,4/28/2023,active
PM00788,Free Gift,3/30/2023,4/21/2023,active
PM00789,Free Gift,9/30/2023,10/2/2023,not
PM00790,Free Gift,10/5/2023,10/6/2023,not
PM00791,Buy One Get One,7/24/2023,8/14/2023,not
PM00792,Buy One Get One,12/8/2023,12/27/2023,active
PM00793,Discount,10/8/2023,10/23/2023,active
PM00794,Discount,11/12/2023,11/25/2023,not
PM00795,Free Gift,8/4/2023,8/10/2023,not
PM00796,Buy One Get One,5/2/2023,5/5/2023,not
PM00797,Discount,4/12/2023,5/8/2023,not
PM00798,Buy One Get One,9/28/2023,10/9/2023,not
PM00799,Buy One Get One,8/21/2023,9/15/2023,active
PM00800,Buy One Get One,5/23/2023,5/27/2023,active
PM00801,Discount,2/5/2023,2/15/2023,active
PM00802,Free Gift,1/25/2023,2/9/2023,active
PM00803,Free Gift,1/5/2023,1/8/2023,active
PM00804,Buy One Get One,3/22/2023,3/26/2023,active
PM00805,Buy One Get One,2/20/2023,2/26/2023,not
PM00806,Buy One Get One,12/23/2023,1/7/2024,active
PM00807,Discount,9/13/2023,10/5/2023,not
PM00808,Free Gift,3/29/2023,4/5/2023,active
PM00809,Discount,3/16/2023,3/18/2023,not
PM00810,Buy One Get One,5/15/2023,6/8/2023,active
PM00811,Free Gift,9/28/2023,10/18/2023,active
PM00812,Discount,8/6/2023,8/23/2023,not
PM00813,Discount,12/9/2023,12/22/2023,not
PM00814,Buy One Get One,9/24/2023,10/18/2023,active
PM00815,Free Gift,2/17/2023,2/23/2023,not
PM00816,Discount,10/8/2023,10/10/2023,active
PM00817,Buy One Get One,5/18/2023,6/17/2023,active
PM00818,Discount,10/11/2023,10/23/2023,not
PM00819,Discount,5/14/2023,6/9/2023,active
PM00820,Free Gift,1/12/2023,2/7/2023,active
PM00821,Free Gift,5/27/2023,6/5/2023,active
PM00822,Free Gift,8/24/2023,9/2/2023,active
PM00823,Free Gift,9/21/2023,10/18/2023,active
PM00824,Free Gift,2/24/2023,3/8/2023,not
PM00825,Buy One Get One,12/14/2023,1/2/2024,active
PM00826,Free Gift,4/19/2023,4/21/2023,not
PM00827,Buy One Get One,10/31/2023,11/6/2023,not
PM00828,Free Gift,9/11/2023,10/9/2023,active
PM00829,Buy One Get One,11/29/2023,12/10/2023,not
PM00830,Free Gift,8/25/2023,9/3/2023,not
PM00831,Buy One Get One,6/30/2023,7/19/2023,not
PM00832,Buy One Get One,12/24/2023,1/7/2024,active
PM00833,Free Gift,12/5/2023,12/29/2023,not
PM00834,Buy One Get One,1/31/2023,2/12/2023,active
PM00835,Discount,7/22/2023,7/23/2023,not
PM00836,Free Gift,4/18/2023,5/15/2023,not
PM00837,Discount,7/22/2023,7/24/2023,active
PM00838,Free Gift,6/6/2023,6/24/2023,active
PM00839,Buy One Get One,2/2/2023,2/9/2023,not
PM00840,Discount,6/4/2023,7/2/2023,active
PM00841,Discount,6/2/2023,6/7/2023,active
PM00842,Free Gift,11/24/2023,12/9/2023,active
PM00843,Discount,12/14/2023,1/12/2024,active
PM00844,Buy One Get One,2/25/2023,3/19/2023,active
PM00845,Free Gift,10/23/2023,11/13/2023,not
PM00846,Free Gift,3/4/2023,3/9/2023,not
PM00847,Buy One Get One,12/30/2023,1/11/2024,active
PM00848,Buy One Get One,3/13/2023,3/17/2023,active
PM00849,Buy One Get One,9/23/2023,10/22/2023,active
PM00850,Free Gift,1/15/2023,1/19/2023,active
PM00851,Free Gift,10/25/2023,11/2/2023,not
PM00852,Free Gift,6/1/2023,6/26/2023,not
PM00853,Buy One Get One,4/14/2023,4/15/2023,not
PM00854,Discount,12/14/2023,1/9/2024,not
PM00855,Free Gift,2/9/2023,3/1/2023,not
PM00856,Free Gift,5/26/2023,6/11/2023,not
PM00857,Free Gift,3/16/2023,3/31/2023,not
PM00858,Free Gift,5/10/2023,5/24/2023,not
PM00859,Free Gift,5/8/2023,5/18/2023,not
PM00860,Free Gift,5/27/2023,6/24/2023,not
PM00861,Discount,8/28/2023,9/13/2023,not
PM00862,Discount,7/13/2023,7/27/2023,not
PM00863,Discount,5/1/2023,5/30/2023,active
PM00864,Discount,10/24/2023,11/6/2023,not
PM00865,Discount,8/3/2023,8/11/2023,active
PM00866,Buy One Get One,9/18/2023,10/15/2023,not
PM00867,Discount,5/2/2023,5/20/2023,not
PM00868,Buy One Get One,9/19/2023,10/13/2023,active
PM00869,Buy One Get One,4/24/2023,5/9/2023,active
PM00870,Free Gift,7/28/2023,8/20/2023,not
PM00871,Free Gift,10/10/2023,10/12/2023,not
PM00872,Discount,5/20/2023,6/10/2023,not
PM00873,Buy One Get One,4/8/2023,5/3/2023,active
PM00874,Buy One Get One,5/10/2023,6/5/2023,not
PM00875,Discount,12/2/2023,12/28/2023,active
PM00876,Free Gift,5/23/2023,6/3/2023,active
PM00877,Free Gift,3/2/2023,3/3/2023,active
PM00878,Buy One Get One,4/27/2023,5/19/2023,active
PM00879,Discount,6/1/2023,6/14/2023,not
PM00880,Free Gift,10/17/2023,10/25/2023,active
PM00881,Buy One Get One,10/26/2023,11/3/2023,active
PM00882,Discount,6/17/2023,7/5/2023,active
PM00883,Free Gift,2/28/2023,3/7/2023,active
PM00884,Buy One Get One,1/30/2023,2/23/2023,active
PM00885,Buy One Get One,5/24/2023,6/6/2023,active
PM00886,Buy One Get One,11/9/2023,11/24/2023,not
PM00887,Buy One Get One,3/5/2023,3/13/2023,active
PM00888,Buy One Get One,6/24/2023,7/20/2023,active
PM00889,Discount,7/24/2023,8/9/2023,not
PM00890,Discount,12/13/2023,12/27/2023,active
PM00891,Free Gift,7/29/2023,8/22/2023,not
PM00892,Discount,4/21/2023,5/7/2023,active
PM00893,Discount,10/27/2023,11/8/2023,active
PM00894,Free Gift,4/27/2023,5/13/2023,not
PM00895,Discount,9/10/2023,9/21/2023,active
PM00896,Buy One Get One,8/15/2023,8/20/2023,not
PM00897,Free Gift,11/10/2023,11/14/2023,active
PM00898,Free Gift,9/11/2023,10/7/2023,active
PM00899,Buy One Get One,2/9/2023,3/6/2023,not
PM00900,Buy One Get One,8/8/2023,8/22/2023,not
PM00901,Discount,11/14/2023,11/22/2023,active
PM00902,Free Gift,7/29/2023,8/20/2023,active
PM00903,Free Gift,4/14/2023,4/29/2023,active
PM00904,Discount,10/5/2023,11/4/2023,active
PM00905,Free Gift,9/9/2023,9/20/2023,active
PM00906,Discount,12/12/2023,1/5/2024,not
PM00907,Discount,6/15/2023,7/5/2023,active
PM00908,Buy One Get One,10/19/2023,10/29/2023,active
PM00909,Discount,1/15/2023,2/3/2023,not
PM00910,Discount,6/26/2023,7/1/2023,active
PM00911,Discount,6/4/2023,6/5/2023,not
PM00912,Discount,3/13/2023,3/25/2023,active
PM00913,Discount,11/9/2023,11/27/2023,not
PM00914,Discount,3/27/2023,4/2/2023,not
PM00915,Free Gift,12/29/2023,1/17/2024,active
PM00916,Free Gift,5/22/2023,6/6/2023,not
PM00917,Discount,8/24/2023,9/11/2023,active
PM00918,Discount,3/13/2023,4/6/2023,not
PM00919,Free Gift,9/16/2023,9/26/2023,active
PM00920,Buy One Get One,3/5/2023,3/6/2023,not
PM00921,Buy One Get One,6/19/2023,7/15/2023,not
PM00922,Free Gift,1/19/2023,2/18/2023,not
PM00923,Free Gift,6/8/2023,7/7/2023,active
PM00924,Buy One Get One,6/21/2023,7/21/2023,active
PM00925,Free Gift,5/1/2023,5/7/2023,active
PM00926,Free Gift,4/19/2023,4/27/2023,not
PM00927,Discount,6/3/2023,6/30/2023,active
PM00928,Buy One Get One,6/6/2023,6/27/2023,not
PM00929,Buy One Get One,10/22/2023,11/16/2023,not
PM00930,Buy One Get One,7/4/2023,7/13/2023,not
PM00931,Buy One Get One,9/8/2023,9/26/2023,active
PM00932,Discount,1/4/2023,1/19/2023,active
PM00933,Discount,1/10/2023,1/18/2023,not
PM00934,Buy One Get One,7/27/2023,8/18/2023,active
PM00935,Buy One Get One,7/27/2023,8/26/2023,not
PM00936,Discount,2/4/2023,2/26/2023,active
PM00937,Free Gift,4/25/2023,4/30/2023,active
PM00938,Discount,1/30/2023,2/27/2023,active
PM00939,Free Gift,10/4/2023,10/22/2023,active
PM00940,Free Gift,2/7/2023,2/15/2023,active
PM00941,Buy One Get One,5/5/2023,5/25/2023,active
PM00942,Free Gift,9/10/2023,9/30/2023,active
PM00943,Free Gift,8/27/2023,8/31/2023,not
PM00944,Free Gift,2/15/2023,2/24/2023,not
PM00945,Discount,2/5/2023,2/16/2023,not
PM00946,Free Gift,9/23/2023,10/17/2023,not
PM00947,Discount,10/20/2023,11/5/2023,not
PM00948,Free Gift,6/21/2023,7/1/2023,active
PM00949,Discount,7/15/2023,7/19/2023,not
PM00950,Discount,12/21/2023,12/22/2023,active
PM00951,Buy One Get One,5/15/2023,5/26/2023,active
PM00952,Buy One Get One,1/11/2023,1/13/2023,not
PM00953,Discount,4/28/2023,5/6/2023,active
PM00954,Discount,8/27/2023,9/18/2023,not
PM00955,Discount,12/27/2023,1/19/2024,not
PM00956,Free Gift,9/26/2023,10/9/2023,active
PM00957,Discount,12/9/2023,12/27/2023,not
PM00958,Discount,10/23/2023,11/2/2023,active
PM00959,Buy One Get One,1/6/2023,2/4/2023,active
PM00960,Discount,1/5/2023,1/25/2023,active
PM00961,Discount,12/23/2023,1/13/2024,active
PM00962,Free Gift,6/25/2023,7/14/2023,active
PM00963,Buy One Get One,7/7/2023,7/11/2023,not
PM00964,Free Gift,7/12/2023,7/25/2023,not
PM00965,Buy One Get One,9/23/2023,10/8/2023,active
PM00966,Free Gift,5/10/2023,5/13/2023,active
PM00967,Discount,12/21/2023,1/17/2024,active
PM00968,Buy One Get One,12/31/2023,1/18/2024,not
PM00969,Buy One Get One,8/19/2023,8/23/2023,active
PM00970,Buy One Get One,8/8/2023,8/26/2023,active
PM00971,Buy One Get One,7/17/2023,7/29/2023,not
PM00972,Buy One Get One,3/2/2023,3/19/2023,not
PM00973,Discount,9/28/2023,10/9/2023,not
PM00974,Free Gift,7/4/2023,7/14/2023,not
PM00975,Buy One Get One,11/2/2023,11/29/2023,active
PM00976,Free Gift,3/15/2023,3/30/2023,active
PM00977,Buy One Get One,7/23/2023,8/12/2023,not
PM00978,Discount,5/16/2023,6/1/2023,not
PM00979,Free Gift,5/16/2023,5/20/2023,active
PM00980,Buy One Get One,4/15/2023,5/11/2023,not
PM00981,Free Gift,5/12/2023,5/26/2023,not
PM00982,Buy One Get One,4/26/2023,5/2/2023,active
PM00983,Free Gift,9/28/2023,10/3/2023,not
PM00984,Free Gift,12/3/2023,12/5/2023,not
PM00985,Buy One Get One,8/7/2023,8/27/2023,active
PM00986,Buy One Get One,6/11/2023,6/24/2023,not
PM00987,Buy One Get One,6/4/2023,6/26/2023,active
PM00988,Free Gift,1/13/2023,1/24/2023,not
PM00989,Discount,1/25/2023,1/27/2023,not
PM00990,Discount,6/30/2023,7/5/2023,active
PM00991,Discount,6/30/2023,7/29/2023,active
PM00992,Free Gift,4/28/2023,5/1/2023,active
PM00993,Discount,10/9/2023,11/3/2023,active
PM00994,Buy One Get One,10/28/2023,11/2/2023,active
PM00995,Free Gift,5/18/2023,5/22/2023,not
PM00996,Discount,9/18/2023,10/18/2023,not
PM00997,Buy One Get One,9/19/2023,10/8/2023,not
PM00998,Buy One Get One,5/29/2023,6/25/2023,not
PM00999,Free Gift,3/22/2023,4/6/2023,active
PM01000,Buy One Get One,10/9/2023,10/14/2023,not
